Company,Pays,Année,Primes Emises (mn USD),Croissance Primes (%),Taux Penetration (%),Densite Assurance (USD/hab),Part de marché pays (%),Primes Emises Année Précédente (mn USD),Line_Of_Business,Company_Type
AXA Algerie Assurances Dommage,Algeria,2023,13.69,-0.35,,,1.29,13.74,Non-Life (P&C),Insurance
AXA Algerie Assurances Vie,Algeria,2023,20.36,28.1,,,14.78,15.89,Life,Insurance
Alliance Assurances,Algeria,2023,43.2,12.59,,,4.06,38.37,Non-Life (P&C),Insurance
CAAR Direction Generale,Algeria,2023,120.43,0.84,,,11.31,119.43,Non-Life (P&C),Insurance
CAARAMA Assurance,Algeria,2023,15.61,0.64,,,11.34,15.51,Life,Insurance
CAAT des Assurances,Algeria,2023,210.74,12.01,,,19.79,188.15,Non-Life (P&C),Insurance
Caisse Nationale de Mutualite Agricole,Algeria,2023,95.03,3.28,,,8.92,92.01,Non-Life (P&C),Insurance
Cardif Al.Djazair.,Algeria,2023,28.04,11.18,,,20.36,25.22,Life,Insurance
Cash Assurances,Algeria,2023,147.5,11.43,,,13.85,132.37,Non-Life (P&C),Insurance
Compagnie Internationale d’Assurance et de Reassurance (CIAR),Algeria,2023,70.21,12.31,,,6.59,62.51,Non-Life (P&C),Insurance
Generale Assurance Mediterraneen,Algeria,2023,21.63,0.46,,,2.03,21.53,Non-Life (P&C),Insurance
Le Mutualiste,Algeria,2023,2.02,-25.8,,,1.46,2.72,Life,Insurance
L’Algerienne Vie,Algeria,2023,29.88,46.46,,,21.7,20.4,Life,Insurance
Macir Vie,Algeria,2023,10.27,12.25,,,7.46,9.15,Life,Insurance
Salama Assurances Algerie,Algeria,2023,32.78,8.65,,,3.08,30.17,Non-Life (P&C),Insurance
"Societe d’Assurance, de Prevoyance et de Sante",Algeria,2023,17.03,13.88,,,12.37,14.96,Life,Insurance
Sociéete Nationale d’Assurance,Algeria,2023,222.66,5.71,,,20.91,210.63,Non-Life (P&C),Insurance
TAAMINE Life Algerie (TALA),Algeria,2023,14.51,33.96,,,10.54,10.83,Life,Insurance
Trust Algeria Assurance et de Reassurance,Algeria,2023,55.41,18.85,,,5.2,46.62,Non-Life (P&C),Insurance
gig Algeria,Algeria,2023,31.69,14.77,,,2.98,27.61,Non-Life (P&C),Insurance
Atlantique Assurances,Benin,2022,5.33,-26.71,,,9.06,7.27,Life,Insurance
Atlantique Assurances,Benin,2023,16.35,-2.49,,,18.59,16.77,Non-Life (P&C),Insurance
CIF Assurance Vie,Benin,2022,2.7,-3.71,,,4.59,2.81,Life,Insurance
L'Africaine Vie Benin,Benin,2022,7.44,-14.47,,,12.65,8.7,Life,Insurance
L'Africaine des Assurances,Benin,2023,23.5,10.66,,,26.73,21.24,Non-Life (P&C),Insurance
La Generale des Assurances Du Benin (La GAB SA),Benin,2023,2.82,-5.89,,,3.2,2.99,Non-Life (P&C),Insurance
Nobila BENIN,Benin,2023,3.7,36.98,,,4.21,2.7,Non-Life (P&C),Insurance
Nouvelle Societe Interafricaine D'Assurances,Benin,2023,21.07,-0.15,,,23.95,21.1,Non-Life (P&C),Insurance
Nouvelle Societe Interafricaine D'Assurances Vie (NSIA -Vie),Benin,2022,13.06,13.63,,,22.2,11.49,Life,Insurance
SANLAM Assurances,Benin,2022,14.46,0.89,,,24.59,14.34,Life,Insurance
SANLAM Assurances,Benin,2023,13.2,14.0,,,15.01,11.58,Non-Life (P&C),Insurance
SUNU Assurances,Benin,2022,15.83,0.21,,,26.91,15.8,Life,Insurance
SUNU Assurances IARD Benin,Benin,2023,7.3,51.54,,,8.31,4.82,Non-Life (P&C),Insurance
Absa Life Botswana (Pty) Ltd,Botswana,2022,12.06,-12.83,,,3.31,13.83,Life,Insurance
Alpha Direct Insurance Company (Pty) Ltd,Botswana,2022,5.4,8.88,,,3.85,4.96,Non-Life (P&C),Insurance
BIHL Insurance Company (Legal Guard) Ltd,Botswana,2022,3.89,-8.07,,,2.78,4.23,Non-Life (P&C),Insurance
BRYTE Insurance Company Limited,Botswana,2022,10.3,-12.51,,,7.36,11.77,Non-Life (P&C),Insurance
Bona Life Insurance (Pty) Ltd,Botswana,2022,0.48,-35.08,,,0.13,0.74,Life,Insurance
Botswana Insurance Co Ltd,Botswana,2022,41.43,-15.47,,,29.6,49.02,Non-Life (P&C),Insurance
Botswana Life Insurance Ltd,Botswana,2022,250.08,-11.85,,,68.63,283.69,Life,Insurance
Export Credit Insurance and Guarantee Company (Botswana) Pty Ltd,Botswana,2022,1.51,-4.0,,,1.08,1.57,Non-Life (P&C),Insurance
Hollard Insurance Company of Botswana (Pty) Ltd,Botswana,2022,30.48,0.3,,,21.77,30.39,Non-Life (P&C),Insurance
Hollard Insurance Company of Botswana (Pty) Ltd,Botswana,2022,20.78,-6.11,,,5.7,22.14,Life,Insurance
Liberty Life Botswana,Botswana,2022,12.13,40.95,,,3.33,8.6,Life,Insurance
Metropolitan Life of Botswana Ltd,Botswana,2022,62.55,-0.54,,,17.17,62.89,Life,Insurance
Old Mutual Life Insurance Company (Pty) Ltd,Botswana,2022,5.9,-0.16,,,1.62,5.91,Life,Insurance
Old Mutual Short Term Insurance Botswana Ltd,Botswana,2022,21.06,1.65,,,15.04,20.72,Non-Life (P&C),Insurance
Phoenix of Botswana Assurance Company (Pty) Ltd,Botswana,2022,2.71,28.56,,,1.94,2.11,Non-Life (P&C),Insurance
Sesiro Insurance Company (Pty) Ltd,Botswana,2022,17.38,19.09,,,12.41,14.59,Non-Life (P&C),Insurance
Sunshine Insurance Company Botswana (Pty) Ltd,Botswana,2022,2.18,-15.71,,,1.56,2.59,Non-Life (P&C),Insurance
Western Insurance Botswana (Pty) Ltd,Botswana,2022,3.64,-10.36,,,2.6,4.06,Non-Life (P&C),Insurance
Western Life Insurance Company Botswana (Pty) Ltd,Botswana,2022,0.39,-10.36,,,0.11,0.44,Life,Insurance
CIF Assurances Vie Burkina,Burkina Faso,2024,6.22,,,,5.21,,Life,Insurance
CORIS Assurances SA,Burkina Faso,2024,23.13,18.5,,,14.78,19.52,Non-Life (P&C),Insurance
CORIS Assurances Vie,Burkina Faso,2024,11.89,11.07,,,9.95,10.71,Life,Insurance
GENERALE DES ASSURANCES,Burkina Faso,2024,15.08,31.74,,,9.63,11.45,Non-Life (P&C),Insurance
Generale des Assurances (GA) Vie,Burkina Faso,2024,3.96,,,,3.31,,Life,Insurance
Jackson Assurances IARD,Burkina Faso,2024,10.79,-5.46,,,6.89,11.41,Non-Life (P&C),Insurance
Raynal Assurances IARD,Burkina Faso,2024,15.46,1.37,,,9.88,15.26,Non-Life (P&C),Insurance
SOCIETE NATIONALE D'ASSURANCES ET DE REASSURANCES,Burkina Faso,2024,28.25,13.31,,,18.05,24.93,Non-Life (P&C),Insurance
SUNU Assurances SA,Burkina Faso,2024,13.96,1.27,,,8.92,13.78,Non-Life (P&C),Insurance
SUNU Assurances Vie Burkina Faso,Burkina Faso,2024,29.94,,,,25.05,,Life,Insurance
Sanlam Allianz Assurance Vie Burkina,Burkina Faso,2024,11.59,,,,9.69,,Life,Insurance
Sanlam Assurance,Burkina Faso,2024,30.6,-0.81,,,19.55,30.85,Non-Life (P&C),Insurance
Societe Nationale d'Assurances et de Reassurances(SONAR) Vie,Burkina Faso,2024,29.17,,,,24.41,,Life,Insurance
UNION DES ASSURANCES DU BURKINA VIE,Burkina Faso,2024,17.3,4.61,,,11.05,16.54,Non-Life (P&C),Insurance
Union des Assurances du Burkina Faso (UAB) Vie,Burkina Faso,2024,26.22,,,,21.94,,Life,Insurance
Vista Assurances,Burkina Faso,2024,0.57,,,,0.36,,Non-Life (P&C),Insurance
Yelen Assurance,Burkina Faso,2024,1.39,-4.69,,,0.89,1.46,Non-Life (P&C),Insurance
Yelen Assurance,Burkina Faso,2024,0.53,,,,0.44,,Life,Insurance
AGICO,Burundi,2024,0.51,85.42,,,1.69,0.28,Non-Life (P&C),Insurance
AVIA,Burundi,2024,0.19,39.75,,,1.09,0.14,Life,Insurance
BIC NON VIE,Burundi,2024,2.92,13.53,,,9.68,2.58,Non-Life (P&C),Insurance
BIC VIE,Burundi,2024,1.08,20.22,,,6.08,0.9,Life,Insurance
BICOR AG,Burundi,2024,2.42,-21.2,,,8.01,3.07,Non-Life (P&C),Insurance
BICOR Vie,Burundi,2024,0.99,1.79,,,5.58,0.97,Life,Insurance
EGIC-NV,Burundi,2024,1.16,-28.93,,,3.85,1.64,Non-Life (P&C),Insurance
EGIC-NV,Burundi,2024,0.39,22.44,,,2.23,0.32,Life,Insurance
INKINZO,Burundi,2024,7.44,197.67,,,24.63,2.5,Non-Life (P&C),Insurance
Jubilee Non Vie,Burundi,2024,5.67,11.7,,,18.78,5.08,Non-Life (P&C),Insurance
Jubilee Vie,Burundi,2024,0.94,-14.33,,,5.28,1.09,Life,Insurance
RIC NV,Burundi,2024,0.68,395.33,,,2.25,0.14,Non-Life (P&C),Insurance
RIC VC,Burundi,2024,0.07,675.21,,,0.42,0.01,Life,Insurance
SERENITY,Burundi,2024,0.8,-18.9,,,2.63,0.98,Non-Life (P&C),Insurance
SOCABU Non Vie,Burundi,2024,6.23,2.25,,,20.62,6.09,Non-Life (P&C),Insurance
SOCABU Non Vie,Burundi,2024,8.48,22.03,,,47.75,6.95,Life,Insurance
SOCAR Non Vie,Burundi,2024,2.37,11.53,,,7.85,2.13,Non-Life (P&C),Insurance
SOCAR Non Vie,Burundi,2024,2.9,13.67,,,16.37,2.56,Life,Insurance
UCAR VC,Burundi,2024,2.7,46.22,,,15.21,1.85,Life,Insurance
Acam Vie,Cameroon,2024,5.95,36.06,,,3.79,4.37,Life,Insurance
Activa Assurances,Cameroon,2024,20.63,-30.21,,,6.57,29.56,Non-Life (P&C),Insurance
Activa-Vie,Cameroon,2024,14.15,-7.84,,,9.01,15.36,Life,Insurance
Area,Cameroon,2024,12.19,17.76,,,3.88,10.36,Non-Life (P&C),Insurance
Assurances Generales du Cameroun (AGC),Cameroon,2024,10.61,4.74,,,3.38,10.13,Non-Life (P&C),Insurance
Atlantique Assurances,Cameroon,2024,15.84,2.86,,,5.04,15.4,Non-Life (P&C),Insurance
Axa Assurances,Cameroon,2024,39.0,2.4,,,12.42,38.09,Non-Life (P&C),Insurance
Beneficial General Insurance Sa,Cameroon,2024,15.24,-6.12,,,4.85,16.23,Non-Life (P&C),Insurance
CPA,Cameroon,2024,4.92,21.12,,,1.57,4.06,Non-Life (P&C),Insurance
Chanas Assurances SA,Cameroon,2024,34.76,4.9,,,11.07,33.14,Non-Life (P&C),Insurance
GMC Assurances SA,Cameroon,2024,19.97,17.81,,,6.36,16.95,Non-Life (P&C),Insurance
NSIA Cameroun,Cameroon,2024,12.26,-36.87,,,3.9,19.41,Non-Life (P&C),Insurance
NSIA Cameroun,Cameroon,2024,4.13,-9.97,,,2.63,4.58,Life,Insurance
Pro Assur SA,Cameroon,2024,7.88,14.74,,,2.51,6.87,Non-Life (P&C),Insurance
Prudential Benef Life,Cameroon,2024,39.65,6.52,,,25.23,37.22,Life,Insurance
Royal Onx,Cameroon,2024,8.29,25.57,,,2.64,6.6,Non-Life (P&C),Insurance
SAAR-CI,Cameroon,2024,36.32,7.19,,,11.56,33.88,Non-Life (P&C),Insurance
SUNU Assurances,Cameroon,2024,10.57,25.79,,,3.36,8.4,Non-Life (P&C),Insurance
SUNU Assurances,Cameroon,2024,19.15,31.78,,,12.19,14.54,Life,Insurance
Saar Vie,Cameroon,2024,10.42,5.11,,,6.63,9.92,Life,Insurance
Sanlam Allianz Cameroun Assurances,Cameroon,2024,41.71,,,,13.28,,Non-Life (P&C),Insurance
Sanlam Allianz Cameroun Assurances Vie,Cameroon,2024,47.21,,,,30.04,,Life,Insurance
Wafa Assurances Vie,Cameroon,2024,16.47,30.87,,,10.48,12.58,Life,Insurance
Zenithe,Cameroon,2024,23.86,97.31,,,7.6,12.09,Non-Life (P&C),Insurance
"Garantia - Companhia de Seguros de Cabo Verde, SA",Cape Verde,2024,21.68,8.06,,,62.91,20.06,Non-Life (P&C),Insurance
"Garantia - Companhia de Seguros de Cabo Verde, SA",Cape Verde,2024,4.36,15.05,,,68.45,3.79,Life,Insurance
"IMPAR - Companhia Caboverdiana de Seguros, SARL",Cape Verde,2024,12.78,10.0,,,37.09,11.62,Non-Life (P&C),Insurance
"IMPAR - Companhia Caboverdiana de Seguros, SARL",Cape Verde,2024,2.01,-42.21,,,31.55,3.48,Life,Insurance
Le Star Vie SA,Chad,2023,6.13,-3.08,,,100.0,6.32,Life,Insurance
Societe Africained'Assurance ET de reassurances,Chad,2023,10.22,,,,36.82,,Non-Life (P&C),Insurance
Star Nationale SA,Chad,2023,17.53,16.33,,,63.18,15.07,Non-Life (P&C),Insurance
Activa Assurance RDC,"Congo, Democratic Republic of the",2024,32.93,15.82,,,9.6,28.43,Non-Life (P&C),Insurance
Activa Vie RDC,"Congo, Democratic Republic of the",2024,21.7,,,,61.85,,Life,Insurance
Afrissur Assurance Vie,"Congo, Democratic Republic of the",2024,4.31,,,,12.27,,Life,Insurance
Allianz Congo,"Congo, Democratic Republic of the",2024,10.61,53.67,,,3.09,6.9,Non-Life (P&C),Insurance
Global Pionner Assurance (GPA),"Congo, Democratic Republic of the",2024,11.49,10.53,,,3.35,10.4,Non-Life (P&C),Insurance
Mayfair Insurance Congo SA,"Congo, Democratic Republic of the",2024,31.25,44.77,,,9.12,21.59,Non-Life (P&C),Insurance
Rawsur Life SA,"Congo, Democratic Republic of the",2024,9.08,,,,25.88,,Life,Insurance
Rawsur SA,"Congo, Democratic Republic of the",2024,121.52,13.92,,,35.45,106.67,Non-Life (P&C),Insurance
Societe Financiere d’Assurance du Congo (SFA),"Congo, Democratic Republic of the",2024,73.66,2.56,,,21.49,71.82,Non-Life (P&C),Insurance
Societe Nationale d'Assurances (SONAS),"Congo, Democratic Republic of the",2024,61.35,4.85,,,17.9,58.51,Non-Life (P&C),Insurance
ASSURANCES GENERALES DU CONGO - VIE (AGC-VIE),"Congo, Republic of the",2023,5.28,5.66,,,25.67,5.0,Life,Insurance
Amc Congo Brazzaville,"Congo, Republic of the",2023,5.36,,,,3.78,,Non-Life (P&C),Insurance
Assurances Generales du Congo Vie (AGC Vie),"Congo, Republic of the",2023,9.56,12.3,,,6.74,8.51,Non-Life (P&C),Insurance
Assurances et Reassurances du Congo,"Congo, Republic of the",2023,89.21,61.56,,,62.86,55.22,Non-Life (P&C),Insurance
L'Africaine des Assurances Congo,"Congo, Republic of the",2023,6.0,0.77,,,4.23,5.96,Non-Life (P&C),Insurance
NSIA Vie Assurances Congo,"Congo, Republic of the",2023,15.29,15.89,,,74.33,13.2,Life,Insurance
Nouvelle Societe Interafricaine D'Assurances,"Congo, Republic of the",2023,20.99,69.4,,,14.79,12.39,Non-Life (P&C),Insurance
SUNU Assurances,"Congo, Republic of the",2023,10.8,,,,7.61,,Non-Life (P&C),Insurance
AIG Egypt Insurance Company (S.A.E.),Egypt,2024,3.43,-29.29,,,0.28,4.86,Non-Life (P&C),Insurance
AROP Properties & Liabilities Insurance Company S.A.E.,Egypt,2024,8.31,-8.92,,,0.68,9.12,Non-Life (P&C),Insurance
AROPE Life Insurance Company,Egypt,2024,3.63,-26.51,,,0.34,4.94,Life,Insurance
AXA Life Insurance - Egypt,Egypt,2024,39.8,-14.19,,,3.27,46.38,Non-Life (P&C),Insurance
AXA Life Insurance - Egypt,Egypt,2024,203.51,-21.33,,,18.82,258.68,Life,Insurance
Allianz Egypt Insurance Company,Egypt,2024,85.67,-6.24,,,7.03,91.37,Non-Life (P&C),Insurance
Allianz Egypt Insurance Company,Egypt,2024,300.64,-19.76,,,27.8,374.7,Life,Insurance
Alwafa life insurance,Egypt,2024,8.85,-18.41,,,0.82,10.84,Life,Insurance
Arab Misr Insurance Group (GIG),Egypt,2024,89.55,4.89,,,7.35,85.37,Non-Life (P&C),Insurance
Bupa Egypt Insurance,Egypt,2024,65.9,-13.92,,,5.41,76.55,Non-Life (P&C),Insurance
Chubb Life Insurance Company Egypt,Egypt,2024,3.77,15.48,,,0.31,3.27,Non-Life (P&C),Insurance
Chubb Life Insurance Company Egypt,Egypt,2024,20.18,-20.13,,,1.87,25.26,Life,Insurance
Delta Insurance,Egypt,2024,33.12,-8.3,,,2.72,36.12,Non-Life (P&C),Insurance
Delta Life Assurance,Egypt,2024,18.33,-27.95,,,1.7,25.45,Life,Insurance
Egyp Takaful,Egypt,2024,50.27,16.41,,,4.13,43.19,Non-Life (P&C),Insurance
Egyp Takaful,Egypt,2024,0.08,,,,0.01,,Life,Insurance
Egyptian Associaiton for Cooperative Insurance,Egypt,2024,12.19,-9.33,,,1.0,13.44,Non-Life (P&C),Insurance
Egyptian Saudi Insurance House,Egypt,2024,21.13,-1.01,,,1.74,21.35,Non-Life (P&C),Insurance
Egyptian Takaful - Life,Egypt,2024,39.4,1.59,,,3.64,38.78,Life,Insurance
Iskan Insurance Company (S.A.E.),Egypt,2024,7.34,-26.29,,,0.6,9.95,Non-Life (P&C),Insurance
Libano-Suisse Takaful - Egypt,Egypt,2024,4.99,-22.16,,,0.46,6.41,Life,Insurance
MADA Insurance Company,Egypt,2024,10.99,10.07,,,0.9,9.98,Non-Life (P&C),Insurance
MetLife Life Insurance Company,Egypt,2024,77.11,-10.31,,,7.13,85.97,Life,Insurance
Misr Emirates Takaful Life Insurance Company,Egypt,2024,1.41,-75.75,,,0.13,5.8,Life,Insurance
Misr Insurance,Egypt,2024,490.43,7.24,,,40.27,457.31,Non-Life (P&C),Insurance
Misr Takaful Insurance Company,Egypt,2024,11.85,-13.24,,,0.97,13.65,Non-Life (P&C),Insurance
Mohandes Insurance Company S.A.E.,Egypt,2024,28.88,-12.17,,,2.37,32.88,Non-Life (P&C),Insurance
Mohandes Insurance Company S.A.E.,Egypt,2024,4.43,-28.13,,,0.41,6.17,Life,Insurance
Orient Takaful Insurance Egypt,Egypt,2024,112.7,6.32,,,9.25,106.0,Non-Life (P&C),Insurance
QNB ALAHLI Life Insurance Company,Egypt,2024,50.88,-6.71,,,4.7,54.54,Life,Insurance
Royal Insurance,Egypt,2024,38.9,-12.98,,,3.19,44.7,Non-Life (P&C),Insurance
Sarwa Life Insurance,Egypt,2024,6.71,-4.61,,,0.62,7.04,Life,Insurance
Sawra Capital Holdings,Egypt,2024,19.08,-5.62,,,1.57,20.22,Non-Life (P&C),Insurance
Suez Canal Insurance Company,Egypt,2024,35.72,-20.47,,,2.93,44.91,Non-Life (P&C),Insurance
Suez Canal Insurance Company,Egypt,2024,12.84,-35.67,,,1.19,19.96,Life,Insurance
The National Insurance Company of Egypt,Egypt,2024,6.63,7.15,,,0.54,6.19,Non-Life (P&C),Insurance
The National Insurance Company of Egypt,Egypt,2024,310.65,-50.4,,,28.72,626.32,Life,Insurance
Tokio Marine Egypt Family Takaful,Egypt,2024,17.97,,,,1.66,,Life,Insurance
Tokio Marine Egypt General Takaful,Egypt,2024,11.07,-5.69,,,0.91,11.74,Non-Life (P&C),Insurance
Wethaq Takaful Insurance Egypt S.A.E.,Egypt,2024,31.07,5.45,,,2.55,29.47,Non-Life (P&C),Insurance
Assinco SA,Gabon,2024,44.96,-2.88,,,25.79,46.29,Non-Life (P&C),Insurance
Axa Assurances,Gabon,2024,28.9,-0.28,,,16.58,28.98,Non-Life (P&C),Insurance
NSIA Assurances,Gabon,2024,24.28,89.01,,,13.93,12.85,Non-Life (P&C),Insurance
NSIA Vie Assurances,Gabon,2024,10.91,62.5,,,18.26,6.71,Life,Insurance
Ogar,Gabon,2024,18.64,0.04,,,10.69,18.63,Non-Life (P&C),Insurance
Ogar,Gabon,2024,23.73,0.04,,,39.73,23.72,Life,Insurance
SAHAM Assurance,Gabon,2024,37.28,-10.87,,,21.38,41.82,Non-Life (P&C),Insurance
SUNU Assurances,Gabon,2024,20.26,12.53,,,11.62,18.0,Non-Life (P&C),Insurance
SUNU Assurances Vie,Gabon,2024,25.09,15.53,,,42.01,21.71,Life,Insurance
Activa International Company Limited,Ghana,2025,13.25,,,,2.82,,Non-Life (P&C),Insurance
Bedrock Insurance Company Limited,Ghana,2025,1.0,61.45,,,0.21,0.62,Non-Life (P&C),Insurance
Best Assurance Company Limited,Ghana,2025,1.23,441.26,,,0.26,0.23,Non-Life (P&C),Insurance
Coronation Insurance (Ghana) LTD,Ghana,2025,8.43,,,,1.8,,Non-Life (P&C),Insurance
Donewell Insurance LTD,Ghana,2025,7.4,,,,1.58,,Non-Life (P&C),Insurance
Emple Life Insurance Ghana LTD,Ghana,2025,4.69,,,,1.92,,Life,Insurance
Enterprise Insurance LTD,Ghana,2025,63.92,,,,13.62,,Non-Life (P&C),Insurance
Enterprise Life Assurance Company Ltd,Ghana,2025,60.01,,,,24.62,,Life,Insurance
First Insurance Company Limited,Ghana,2025,0.24,-3.51,,,0.1,0.25,Life,Insurance
Ghana Union Assurance Ltd,Ghana,2025,38.8,,,,8.27,,Non-Life (P&C),Insurance
Glico General Insurance Company Limited,Ghana,2025,45.96,32.94,,,9.79,34.57,Non-Life (P&C),Insurance
Glico Life Insurance Ghana LTD,Ghana,2025,12.39,,,,5.08,,Life,Insurance
Hollard Insurance Ghana Ltd,Ghana,2025,44.34,,,,9.45,,Non-Life (P&C),Insurance
Impact Life Assurance Company,Ghana,2025,3.99,85.65,,,1.64,2.15,Life,Insurance
Imperial General Assurance Co. Ltd.,Ghana,2025,7.25,52.76,,,1.54,4.75,Non-Life (P&C),Insurance
Loyalty Insurance Company Limited,Ghana,2025,5.43,35.3,,,1.16,4.01,Non-Life (P&C),Insurance
MiLife Insurance Company Limited,Ghana,2025,18.17,,,,7.45,,Life,Insurance
Millennium Insurance Company Limited,Ghana,2025,4.2,,,,0.9,,Non-Life (P&C),Insurance
NSIA Insurance Company Limited,Ghana,2025,3.6,24.52,,,0.77,2.89,Non-Life (P&C),Insurance
Old Mutual Assurance Ghana Limited,Ghana,2025,10.97,,,,4.5,,Life,Insurance
Phoenix Insurance Company Limited,Ghana,2025,18.55,51.77,,,3.95,12.22,Non-Life (P&C),Insurance
Pinnacle Life Insurance Ghana (Formerly Donewell Life),Ghana,2025,3.85,,,,1.58,,Life,Insurance
Prime Insurance Company Limited,Ghana,2025,13.83,17.39,,,2.95,11.78,Non-Life (P&C),Insurance
Priority Insurance LTD,Ghana,2025,8.55,,,,1.82,,Non-Life (P&C),Insurance
Provident Insurance Company Limited,Ghana,2025,11.62,46.01,,,2.48,7.96,Non-Life (P&C),Insurance
Prudential Life Insurance Ghana Ltd,Ghana,2025,34.0,40.02,,,13.95,24.28,Life,Insurance
Quality Life Insurance Company limited,Ghana,2025,2.9,,,,1.19,,Life,Insurance
SIC Insurance PLC,Ghana,2025,47.66,,,,10.16,,Non-Life (P&C),Insurance
SIC Life Insurance PLC,Ghana,2025,18.24,,,,7.48,,Life,Insurance
Sanlam Allianz General Insurance Ghana LTD,Ghana,2025,17.18,,,,3.66,,Non-Life (P&C),Insurance
SanlamAllianz Life Insurance Company Limited,Ghana,2025,24.79,,,,10.17,,Life,Insurance
Serene Insurance Company Limited,Ghana,2025,9.73,31.01,,,2.07,7.43,Non-Life (P&C),Insurance
Star Assurance Company Limited,Ghana,2025,47.43,31.03,,,10.11,36.2,Non-Life (P&C),Insurance
Starlife Assurance Company,Ghana,2025,49.53,103.43,,,20.32,24.35,Life,Insurance
Sunu Assurance Company Limited,Ghana,2025,11.23,29.19,,,2.39,8.7,Non-Life (P&C),Insurance
Unique Insurance Company Limited,Ghana,2025,4.68,25.19,,,1.0,3.74,Non-Life (P&C),Insurance
Vanguard Assurance Company Limited,Ghana,2025,33.96,53.08,,,7.24,22.18,Non-Life (P&C),Insurance
 Leadway,Ivory Coast,2024,11.91,59.58,,,2.0,7.46,Non-Life (P&C),Insurance
 Leadway,Ivory Coast,2024,8.25,43.0,,,1.88,5.77,Life,Insurance
AMSA Assurances SA,Ivory Coast,2024,28.53,28.66,,,4.79,22.18,Non-Life (P&C),Insurance
AXA Assurances Cote d'Ivoire,Ivory Coast,2024,41.75,-8.0,,,7.01,45.38,Non-Life (P&C),Insurance
Activa Assurances,Ivory Coast,2024,13.03,-13.43,,,2.19,15.06,Non-Life (P&C),Insurance
Assurances COMAR Côte d’Ivoire (COMAR-CI),Ivory Coast,2024,11.84,-7.33,,,1.99,12.77,Non-Life (P&C),Insurance
Atlanta Cote d'Ivoire Non Vie,Ivory Coast,2024,18.54,53.63,,,3.11,12.07,Non-Life (P&C),Insurance
Atlantique Assurance Vie,Ivory Coast,2024,22.37,5.64,,,5.09,21.18,Life,Insurance
Atlantique Assurances Vie,Ivory Coast,2024,33.75,-7.71,,,5.66,36.56,Non-Life (P&C),Insurance
Belife Company Insurance SA,Ivory Coast,2024,35.04,16.72,,,7.97,30.02,Life,Insurance
CORIS,Ivory Coast,2024,5.44,240.44,,,0.91,1.6,Non-Life (P&C),Insurance
Génération Nouvelle d’Assurances,Ivory Coast,2024,66.6,-0.91,,,11.18,67.21,Non-Life (P&C),Insurance
La Loyale IARD,Ivory Coast,2024,5.11,3.05,,,0.86,4.96,Non-Life (P&C),Insurance
La Loyale Vie,Ivory Coast,2024,20.37,16.36,,,4.63,17.5,Life,Insurance
L’Africaine d’Assurances Côte d’Ivoire (2ACI),Ivory Coast,2024,5.99,-10.06,,,1.0,6.66,Non-Life (P&C),Insurance
Mutuelle des Taxi Compteurs d’Abidjan (MATCA),Ivory Coast,2024,5.98,-31.34,,,1.0,8.71,Non-Life (P&C),Insurance
Nouvelle Societe Interafricaine D'Assurances De Cote D'Ivoire Vie,Ivory Coast,2024,86.33,13.79,,,19.63,75.87,Life,Insurance
Nouvelle Société Interafricaine d’Assurances (NSIA),Ivory Coast,2024,41.31,-1.91,,,6.93,42.12,Non-Life (P&C),Insurance
SAAR Assurance Cote D'Ivoire Vie,Ivory Coast,2024,2.72,23.27,,,0.62,2.21,Life,Insurance
SAAR-CI,Ivory Coast,2024,18.55,39.43,,,3.11,13.3,Non-Life (P&C),Insurance
SCHIBA,Ivory Coast,2024,6.44,9.68,,,1.08,5.87,Non-Life (P&C),Insurance
SERENITY Assurances,Ivory Coast,2024,18.29,22.54,,,3.07,14.93,Non-Life (P&C),Insurance
SMA BTP Cote d’Ivoire SA,Ivory Coast,2024,10.81,-3.52,,,1.81,11.21,Non-Life (P&C),Insurance
SONAM,Ivory Coast,2024,2.86,85.46,,,0.48,1.54,Non-Life (P&C),Insurance
SONAM LIFE INSURANCE,Ivory Coast,2024,0.8,-28.14,,,0.18,1.11,Life,Insurance
SUNU Assurance Vie Cote d'Ivoire,Ivory Coast,2024,122.68,1.01,,,27.89,121.46,Life,Insurance
SUNU Assurances IARD Côte d’Ivoire,Ivory Coast,2024,48.5,-1.85,,,8.14,49.41,Non-Life (P&C),Insurance
Sanlam Allianz,Ivory Coast,2024,175.71,1.8,,,29.49,172.6,Non-Life (P&C),Insurance
Sanlam Allianz Vie,Ivory Coast,2024,108.29,-1.75,,,24.62,110.22,Life,Insurance
Société Ivoirienne d’Assurances Mutuelles (SIDAM),Ivory Coast,2024,13.41,-8.2,,,2.25,14.6,Non-Life (P&C),Insurance
Wafa Assurance Vie Cote d'Ivoire,Ivory Coast,2024,11.56,14.19,,,1.94,10.13,Non-Life (P&C),Insurance
Wafa Assurance Vie Cote d'Ivoire,Ivory Coast,2024,33.03,10.8,,,7.51,29.81,Life,Insurance
AAR Insurance Company Limited,Kenya,2024,81.27,18.91,,,5.25,68.35,Non-Life (P&C),Insurance
AIG Kenya Insurance Company Ltd,Kenya,2024,26.34,9.6,,,1.7,24.03,Non-Life (P&C),Insurance
APA Insurance Limited,Kenya,2024,133.74,8.05,,,8.65,123.77,Non-Life (P&C),Insurance
APA Life Assurance Ltd,Kenya,2024,43.7,21.38,,,3.07,36.0,Life,Insurance
Absa Life Assurance,Kenya,2024,62.78,21.39,,,4.41,51.72,Life,Insurance
Africa Merchant Assurance Company Ltd,Kenya,2024,25.03,103.13,,,1.62,12.32,Non-Life (P&C),Insurance
Britam General Insurance Company Ltd,Kenya,2024,130.79,16.54,,,8.45,112.23,Non-Life (P&C),Insurance
Britam Life Assurance Company Ltd,Kenya,2024,311.72,19.31,,,21.91,261.27,Life,Insurance
CIC General Insurance Company Ltd,Kenya,2024,125.57,9.69,,,8.12,114.48,Non-Life (P&C),Insurance
CIC Life Assurance Company Ltd,Kenya,2024,94.09,34.05,,,6.61,70.19,Life,Insurance
Cannon Assurance Ltd,Kenya,2024,3.12,26.56,,,0.22,2.47,Life,Insurance
Cannon General Insurance Company of Kenya Ltd,Kenya,2024,15.58,37.32,,,1.01,11.34,Non-Life (P&C),Insurance
Capex Life Assurance Company Ltd,Kenya,2024,11.95,20.42,,,0.84,9.92,Life,Insurance
Corporate Insurance Company Ltd,Kenya,2024,1.25,-39.18,,,0.08,2.06,Non-Life (P&C),Insurance
Corporate Insurance Company Ltd,Kenya,2024,0.37,-46.02,,,0.03,0.68,Life,Insurance
DirectLine Assurance Company Limited,Kenya,2024,25.78,-27.48,,,1.67,35.55,Non-Life (P&C),Insurance
Equity Life Assurance,Kenya,2024,33.13,-68.83,,,2.33,106.31,Life,Insurance
Fidelity Shield Insurance Company Limited,Kenya,2024,30.3,18.4,,,1.96,25.59,Non-Life (P&C),Insurance
First Assurance Company Ltd,Kenya,2024,45.58,12.37,,,2.95,40.56,Non-Life (P&C),Insurance
GA Insurance Company Limited,Kenya,2024,126.16,13.4,,,8.16,111.25,Non-Life (P&C),Insurance
GA Life Assurance Ltd,Kenya,2024,56.62,15.54,,,3.98,49.01,Life,Insurance
Geminia Insurance Company,Kenya,2024,45.48,1.94,,,2.94,44.61,Non-Life (P&C),Insurance
Geminia Insurance Company,Kenya,2024,13.99,88.93,,,0.98,7.41,Life,Insurance
ICEA LION Life Assurance Company Ltd,Kenya,2024,210.09,6.93,,,14.77,196.49,Life,Insurance
ICEA Lion General Insurance Company Ltd,Kenya,2024,67.82,8.74,,,4.38,62.36,Non-Life (P&C),Insurance
Intra Africa Assurance Company Ltd,Kenya,2024,20.41,18.27,,,1.32,17.26,Non-Life (P&C),Insurance
Jubilee Health Insurance Ltd,Kenya,2024,103.38,22.4,,,6.68,84.46,Non-Life (P&C),Insurance
Kenindia Assurance Company Ltd,Kenya,2024,17.78,36.49,,,1.15,13.03,Non-Life (P&C),Insurance
Kenindia Assurance Company Ltd,Kenya,2024,104.45,29.76,,,7.34,80.49,Life,Insurance
Kenya Orient Insurance Ltd,Kenya,2024,10.89,-6.98,,,0.7,11.71,Non-Life (P&C),Insurance
Kenya Orient Life Assurance,Kenya,2024,9.36,20.88,,,0.66,7.74,Life,Insurance
Kuscco Mutual Assurance Ltd,Kenya,2024,3.29,-67.06,,,0.23,9.99,Life,Insurance
Liberty  Life Assurance Company,Kenya,2024,41.44,4.48,,,2.91,39.67,Life,Insurance
MUA Insurance (Kenya) Ltd,Kenya,2024,15.74,-20.94,,,1.02,19.91,Non-Life (P&C),Insurance
Madison Insurance Company,Kenya,2024,63.28,6.71,,,4.09,59.3,Non-Life (P&C),Insurance
Madison Insurance Company,Kenya,2024,33.25,23.44,,,2.34,26.94,Life,Insurance
Mayfair Insurance Company Limited,Kenya,2024,63.06,22.48,,,4.08,51.49,Non-Life (P&C),Insurance
Occidental Insurance Company Limited,Kenya,2024,15.4,-21.55,,,1.0,19.63,Non-Life (P&C),Insurance
Old Mutual General Insurance Kenya Limited,Kenya,2024,136.39,14.35,,,8.82,119.27,Non-Life (P&C),Insurance
Old Mutual Life Assurance,Kenya,2024,7.88,-18.3,,,0.55,9.65,Life,Insurance
Pacis Insurance Company Limited,Kenya,2024,22.44,16.06,,,1.45,19.33,Non-Life (P&C),Insurance
Pioneer General Insurance Ltd,Kenya,2024,14.22,24.64,,,0.92,11.41,Non-Life (P&C),Insurance
Pioneer Life Assurance Ltd,Kenya,2024,63.86,262.9,,,4.49,17.6,Life,Insurance
Prudential Life Assurance Ltd,Kenya,2024,23.04,28.47,,,1.62,17.93,Life,Insurance
Sanlam Kenya Insurance Company Limited,Kenya,2024,22.63,14.82,,,1.46,19.71,Non-Life (P&C),Insurance
Sanlam Life Assurance Ltd,Kenya,2024,43.86,-4.64,,,3.08,45.99,Life,Insurance
Star Discover Insurance Ltd,Kenya,2024,16.91,846.36,,,1.09,1.79,Non-Life (P&C),Insurance
Star Discover Insurance Ltd,Kenya,2024,2.58,14.46,,,0.18,2.25,Life,Insurance
Takaful Insurance of Africa Ltd,Kenya,2024,7.11,12.92,,,0.46,6.3,Non-Life (P&C),Insurance
Tausi Assurance Company Ltd,Kenya,2024,16.49,10.25,,,1.07,14.96,Non-Life (P&C),Insurance
The Heritage Insurance Company Ltd,Kenya,2024,61.78,15.36,,,3.99,53.55,Non-Life (P&C),Insurance
The Jubilee Insurance Company of Kenya Ltd,Kenya,2024,34.04,1.04,,,2.2,33.69,Non-Life (P&C),Insurance
The Jubilee Insurance Company of Kenya Ltd,Kenya,2024,201.46,62.69,,,14.16,123.83,Life,Insurance
The Kenya Alliance Insurance Company Limited,Kenya,2024,16.13,13.53,,,1.04,14.21,Non-Life (P&C),Insurance
The Kenya Alliance Insurance Company Limited,Kenya,2024,8.57,-15.42,,,0.6,10.13,Life,Insurance
The Monarch Insurance Company Ltd,Kenya,2024,8.16,196.95,,,0.53,2.75,Non-Life (P&C),Insurance
The Monarch Insurance Company Ltd,Kenya,2024,0.17,-72.81,,,0.01,0.63,Life,Insurance
UAP Life Assurance Company Ltd,Kenya,2024,37.82,18.72,,,2.66,31.86,Life,Insurance
Allianz Madagascar Assurances,Madagascar,2023,6.66,-16.33,,,10.48,7.96,Non-Life (P&C),Insurance
Allianz Madagascar Assurances,Madagascar,2023,6.72,22.69,,,36.89,5.47,Life,Insurance
Assurances Reassurances Omnibranches (ARO),Madagascar,2023,32.53,0.79,,,51.17,32.27,Non-Life (P&C),Insurance
Assurances Reassurances Omnibranches (ARO),Madagascar,2023,5.51,0.79,,,30.29,5.47,Life,Insurance
Mutuelle d'Assurance Malagasy (MAMA),Madagascar,2023,4.74,-7.14,,,7.45,5.1,Non-Life (P&C),Insurance
NY HAVANA Assurances et Reassurance,Madagascar,2023,9.18,8.75,,,14.44,8.44,Non-Life (P&C),Insurance
NY HAVANA Assurances et Reassurance,Madagascar,2023,3.4,-0.94,,,18.65,3.43,Life,Insurance
Sanlam Assurance,Madagascar,2023,10.47,23.39,,,16.47,8.48,Non-Life (P&C),Insurance
Sanlam Assurance,Madagascar,2023,2.58,46.02,,,14.16,1.77,Life,Insurance
Britam Insurance Company Malawi Ltd,Malawi,2024,8.0,-10.54,,,12.12,8.94,Non-Life (P&C),Insurance
Co-operatives General Insurance Limited,Malawi,2024,5.33,12.37,,,8.06,4.74,Non-Life (P&C),Insurance
Co-operatives Life Assurance Limited,Malawi,2024,2.44,-10.13,,,4.26,2.71,Life,Insurance
General Alliance Insurance Company Ltd,Malawi,2024,6.61,-4.57,,,10.01,6.93,Non-Life (P&C),Insurance
Liberty General Insurance Company Ltd,Malawi,2024,4.75,-17.71,,,7.19,5.77,Non-Life (P&C),Insurance
LifeCo Life Limited,Malawi,2024,1.63,-27.71,,,2.85,2.26,Life,Insurance
NICO General Insurance Company Ltd,Malawi,2024,23.71,-5.36,,,35.91,25.06,Non-Life (P&C),Insurance
NICO Life Insurance Company Ltd,Malawi,2024,23.34,-2.68,,,40.75,23.98,Life,Insurance
Old Mutual Life Assurance Company Malawi Ltd,Malawi,2024,25.13,-9.56,,,43.89,27.79,Life,Insurance
Prime Insurance Company Ltd,Malawi,2024,6.89,-19.74,,,10.44,8.59,Non-Life (P&C),Insurance
Reunion Insurance Company Ltd,Malawi,2024,4.57,-5.51,,,6.92,4.84,Non-Life (P&C),Insurance
Smile Life Insurance Company Ltd,Malawi,2024,1.16,-16.27,,,2.03,1.39,Life,Insurance
United General Insurance Company Ltd,Malawi,2024,6.17,-10.85,,,9.34,6.92,Non-Life (P&C),Insurance
Vanguard Life Assurance Company Ltd,Malawi,2024,3.56,-9.05,,,6.22,3.92,Life,Insurance
AFG ASSURANCES MALI IARD,Mali,2023,15.71,,,,16.77,,Non-Life (P&C),Insurance
Assurances LAFIA SA,Mali,2023,4.0,-9.25,,,4.27,4.4,Non-Life (P&C),Insurance
CIF Assurances Vie Mali,Mali,2023,1.43,7.75,,,4.89,1.33,Life,Insurance
Comapagnied' Assurance et Reassurance SABU Nyuman,Mali,2023,10.07,,,,10.75,,Non-Life (P&C),Insurance
Les Assurances Bleues CNAR,Mali,2023,8.75,-2.05,,,9.35,8.94,Non-Life (P&C),Insurance
NSIA Assurances,Mali,2023,4.77,23.6,,,5.09,3.86,Non-Life (P&C),Insurance
NSIA Vie Mali,Mali,2023,6.25,37.21,,,21.38,4.56,Life,Insurance
Nouvelle Alliance D'Assurances SA,Mali,2023,3.31,0.43,,,3.53,3.29,Non-Life (P&C),Insurance
SANLAM Assurances,Mali,2023,33.04,,,,35.28,,Non-Life (P&C),Insurance
SOCIETE NOUVELLE D'ASSURANCE VIE (SONAVIE),Mali,2023,8.7,-19.22,,,29.75,10.77,Life,Insurance
SUNU Assurances IARD Mali,Mali,2023,13.35,5.11,,,14.25,12.7,Non-Life (P&C),Insurance
Sanlam Assurance Vie,Mali,2023,12.86,7.24,,,43.98,11.99,Life,Insurance
Takaful Mali Assurance Islamique SA,Mali,2023,0.65,,,,0.7,,Non-Life (P&C),Insurance
Afri Life Insurance,Mauritius,2022,2.85,-5.91,,,0.99,3.03,Life,Insurance
Credit Guarantee Insurance Company Ltd,Mauritius,2022,1.73,1.99,,,0.54,1.7,Non-Life (P&C),Insurance
Eagle Insurance Company,Mauritius,2022,36.57,2.53,,,11.39,35.66,Non-Life (P&C),Insurance
GFA Insurance Ltd,Mauritius,2022,5.0,-0.46,,,1.56,5.03,Non-Life (P&C),Insurance
Indian Ocean General Assurance Ltd (IOGA),Mauritius,2022,1.93,11.47,,,0.6,1.73,Non-Life (P&C),Insurance
Indian Ocean General Assurance Ltd (IOGA),Mauritius,2022,0.02,-28.54,,,0.01,0.03,Life,Insurance
Island Life Assurance Company Ltd,Mauritius,2022,4.16,-0.43,,,1.45,4.17,Life,Insurance
Jubilee Insurance Company Ltd,Mauritius,2022,13.84,42.09,,,4.31,9.74,Non-Life (P&C),Insurance
La Prudence Life Insurance,Mauritius,2022,35.4,-5.15,,,12.33,37.32,Life,Insurance
Lamco International Insurance,Mauritius,2022,6.36,-7.51,,,1.98,6.87,Non-Life (P&C),Insurance
Lamco International Insurance,Mauritius,2022,0.03,-22.2,,,0.01,0.04,Life,Insurance
Life Insurance Corporation of India (LIC),Mauritius,2022,12.61,-8.13,,,4.39,13.73,Life,Insurance
NIC,Mauritius,2022,8.16,-3.32,,,2.54,8.44,Non-Life (P&C),Insurance
NIC,Mauritius,2022,41.15,6.23,,,14.33,38.74,Life,Insurance
New India Assurance Company Ltd,Mauritius,2022,10.84,0.86,,,3.38,10.75,Non-Life (P&C),Insurance
Phoenix Insurance,Mauritius,2022,17.39,32.24,,,5.42,13.15,Non-Life (P&C),Insurance
Phoenix Insurance,Mauritius,2022,0.11,-13.93,,,0.04,0.12,Life,Insurance
Quantum Insurance Ltd,Mauritius,2022,13.63,178.12,,,4.25,4.9,Non-Life (P&C),Insurance
SWAN General Ltd,Mauritius,2022,87.1,11.85,,,27.14,77.87,Non-Life (P&C),Insurance
SWAN Life Ltd,Mauritius,2022,128.6,4.23,,,44.79,123.39,Life,Insurance
State Insurance Company of Mauritius (SICOM),Mauritius,2022,35.0,20.96,,,10.91,28.94,Non-Life (P&C),Insurance
State Insurance Company of Mauritius (SICOM),Mauritius,2022,62.18,7.24,,,21.66,57.98,Life,Insurance
Sun Insurance Company Ltd,Mauritius,2022,5.12,-35.72,,,1.6,7.97,Non-Life (P&C),Insurance
Swan Special Risks Company,Mauritius,2022,6.39,-24.73,,,1.99,8.48,Non-Life (P&C),Insurance
The Mauritius Union Assurance Company (MUA),Mauritius,2022,71.85,15.84,,,22.39,62.02,Non-Life (P&C),Insurance
AXA Assurance Maroc,Morocco,2024,437.25,4.91,,,13.38,416.78,Non-Life (P&C),Insurance
AXA Assurance Maroc,Morocco,2024,248.32,19.27,,,9.07,208.19,Life,Insurance
Africa First Assist,Morocco,2024,40.4,0.6,,,1.24,40.16,Non-Life (P&C),Insurance
Al Maghribia Takafu,Morocco,2024,0.13,231.18,,,0.0,0.04,Non-Life (P&C),Insurance
Al Maghribia Takaful,Morocco,2024,1.37,30.74,,,0.05,1.05,Life,Insurance
Allianz Assurance Maroc,Morocco,2024,153.85,20.16,,,4.71,128.04,Non-Life (P&C),Insurance
Allianz Assurance Maroc,Morocco,2024,39.63,77.26,,,1.45,22.36,Life,Insurance
AtlantaSanad,Morocco,2024,403.28,6.97,,,12.34,377.01,Non-Life (P&C),Insurance
AtlantaSanad,Morocco,2024,125.76,-1.4,,,4.59,127.55,Life,Insurance
CAT,Morocco,2024,136.06,7.19,,,4.16,126.93,Non-Life (P&C),Insurance
Coface Maroc,Morocco,2024,9.74,16.05,,,0.3,8.39,Non-Life (P&C),Insurance
Cover Egg,Morocco,2024,22.16,26.54,,,0.68,17.51,Non-Life (P&C),Insurance
Euler Hermes Acmar,Morocco,2024,15.92,2.61,,,0.49,15.52,Non-Life (P&C),Insurance
MAMDA,Morocco,2024,149.09,3.98,,,4.56,143.39,Non-Life (P&C),Insurance
MATU,Morocco,2024,117.27,13.48,,,3.59,103.33,Non-Life (P&C),Insurance
MCMA,Morocco,2024,148.31,8.87,,,4.54,136.23,Non-Life (P&C),Insurance
MCMA,Morocco,2024,122.02,13.78,,,4.46,107.24,Life,Insurance
Maroc Assistance Internationale,Morocco,2024,59.22,1.85,,,1.81,58.15,Non-Life (P&C),Insurance
Marocaine Vie,Morocco,2024,9.35,7.45,,,0.29,8.71,Non-Life (P&C),Insurance
Marocaine Vie,Morocco,2024,208.54,-4.66,,,7.61,218.75,Life,Insurance
Mutuelle Attamine Chaabi,Morocco,2024,776.72,6.88,,,28.36,726.7,Life,Insurance
RMA Assistance,Morocco,2024,16.56,10.49,,,0.51,14.98,Non-Life (P&C),Insurance
RMA WATANYA,Morocco,2024,414.25,4.68,,,12.68,395.74,Non-Life (P&C),Insurance
RMA WATANYA,Morocco,2024,481.31,,,,17.57,,Life,Insurance
Sanlam,Morocco,2024,548.56,3.96,,,16.79,527.68,Non-Life (P&C),Insurance
Sanlam,Morocco,2024,83.25,4.61,,,3.04,79.58,Life,Insurance
Smaex,Morocco,2024,4.81,-11.44,,,0.15,5.43,Non-Life (P&C),Insurance
Taawounyiate Taamine Takafuli,Morocco,2024,0.0,-100.0,,,0.0,0.0,Non-Life (P&C),Insurance
Taawounyiate Taamine Takafuli,Morocco,2024,1.61,,,,0.06,,Life,Insurance
Takafulia Assurance,Morocco,2024,0.81,31.02,,,0.02,0.62,Non-Life (P&C),Insurance
Takafulia Assurance,Morocco,2024,3.37,38.33,,,0.12,2.44,Life,Insurance
Wafa Assurance,Morocco,2024,536.96,11.22,,,16.44,482.78,Non-Life (P&C),Insurance
Wafa Assurance,Morocco,2024,644.57,4.11,,,23.54,619.12,Life,Insurance
Wafa IMA Assistance,Morocco,2024,43.09,16.26,,,1.32,37.06,Non-Life (P&C),Insurance
Wafa Takaful,Morocco,2024,0.06,103.8,,,0.0,0.03,Non-Life (P&C),Insurance
Wafa Takaful,Morocco,2024,2.19,52.99,,,0.08,1.43,Life,Insurance
"Arko Companhia de Seguros, SA",Mozambique,2024,4.56,31.77,,,1.4,3.46,Non-Life (P&C),Insurance
"Britam Companhia de Seguros de Mocambique, SA",Mozambique,2024,16.63,15.21,,,5.11,14.43,Non-Life (P&C),Insurance
"Companhia de Seguros Indico, SA",Mozambique,2024,18.58,34.13,,,5.71,13.85,Non-Life (P&C),Insurance
"Diamond Companhia de Seguros, SA",Mozambique,2024,4.89,21.02,,,1.5,4.04,Non-Life (P&C),Insurance
"Empresa Mocambicana de Seguros, SA",Mozambique,2024,25.43,-34.25,,,7.82,38.68,Non-Life (P&C),Insurance
"Empresa Mocambicana de Seguros, SA",Mozambique,2024,12.61,-27.15,,,24.18,17.32,Life,Insurance
Fidelidade Vida Companhia de Seguros SA,Mozambique,2024,8.44,57.81,,,16.18,5.35,Life,Insurance
Fidelidade Ímpar,Mozambique,2024,48.25,5.13,,,14.83,45.89,Non-Life (P&C),Insurance
"Global Alliance Seguros, SA",Mozambique,2024,48.25,19.4,,,14.83,40.41,Non-Life (P&C),Insurance
"Global Alliance Seguros, SA",Mozambique,2024,3.91,10.63,,,7.49,3.53,Life,Insurance
HORIZONTE,Mozambique,2024,1.3,125.91,,,0.4,0.58,Non-Life (P&C),Insurance
"Hollard Mocambique Companhia de Seguros, SA",Mozambique,2024,65.2,17.04,,,20.04,55.71,Non-Life (P&C),Insurance
"Hollard Vida Companhia de Seguros, SA",Mozambique,2024,9.38,4.42,,,17.98,8.99,Life,Insurance
"Imperial Insurance Mocambique, S.A.",Mozambique,2024,4.89,,,,1.5,,Non-Life (P&C),Insurance
Mais Vida,Mozambique,2024,1.96,35.53,,,0.6,1.44,Non-Life (P&C),Insurance
Mediplus Companhia de Seguros SA,Mozambique,2024,29.99,25.2,,,9.22,23.96,Non-Life (P&C),Insurance
"Mocambique Companhia de Seguros, SA",Mozambique,2024,11.08,-16.52,,,3.41,13.28,Non-Life (P&C),Insurance
"Palma Companhia de Seguros, SA",Mozambique,2024,20.87,36.39,,,6.41,15.3,Non-Life (P&C),Insurance
"Phoenix Companhia de Seguros de Mocambique, SA",Mozambique,2024,23.47,45.22,,,7.21,16.16,Non-Life (P&C),Insurance
"Sanlam Mocambique Vida Companhia de Seguros, SA",Mozambique,2024,17.83,16.55,,,34.17,15.3,Life,Insurance
Compagnie D'Assurances et de Reassurances du Niger SA,Niger,2023,19.43,12.28,,,34.14,17.31,Non-Life (P&C),Insurance
Compagnie Nouvelle Vie,Niger,2023,5.22,6.31,,,33.25,4.91,Life,Insurance
Mutual Benefits Assurances Niger SA,Niger,2023,7.88,3.42,,,13.84,7.62,Non-Life (P&C),Insurance
SUNU Assurances IARD Niger,Niger,2023,9.33,-2.26,,,16.38,9.54,Non-Life (P&C),Insurance
SUNU Assurances Vie,Niger,2023,10.47,5.22,,,66.75,9.95,Life,Insurance
Sanlam Assurance,Niger,2023,5.76,3.03,,,10.11,5.59,Non-Life (P&C),Insurance
Societe Nigerienne D'Assurances et De Reassurances,Niger,2023,14.53,-0.88,,,25.52,14.66,Non-Life (P&C),Insurance
AIICO Insurance Plc,Nigeria,2023,53.81,-13.47,,,6.15,62.19,Non-Life (P&C),Insurance
AIICO Insurance Plc,Nigeria,2023,115.56,-19.39,,,18.51,143.37,Life,Insurance
AXA Mansard Insurance Plc,Nigeria,2023,53.99,-16.07,,,6.17,64.33,Non-Life (P&C),Insurance
AXA Mansard Insurance Plc,Nigeria,2023,26.8,-17.31,,,4.29,32.4,Life,Insurance
African Alliance Insurance Co Ltd,Nigeria,2023,9.47,-40.79,,,1.52,16.0,Life,Insurance
Alliance & General Insurance Plc,Nigeria,2023,1.94,30.73,,,0.22,1.48,Non-Life (P&C),Insurance
Alliance & General Insurance Plc,Nigeria,2023,0.27,373.15,,,0.04,0.06,Life,Insurance
Allianz Nigeria Insurance Limited,Nigeria,2023,9.38,8.02,,,1.07,8.68,Non-Life (P&C),Insurance
Allianz Nigeria Insurance Limited,Nigeria,2023,2.54,-25.2,,,0.41,3.39,Life,Insurance
Anchor Insurance Company Ltd,Nigeria,2023,28.13,-8.83,,,3.22,30.86,Non-Life (P&C),Insurance
CORNERSTONE HILAL TALAFUL,Nigeria,2023,1.2,9.41,,,0.14,1.1,Non-Life (P&C),Insurance
CORNERSTONE HILAL TALAFUL,Nigeria,2023,0.05,-69.78,,,0.01,0.16,Life,Insurance
Capital Express Insurance Co Ltd,Nigeria,2023,12.36,21.65,,,1.98,10.16,Life,Insurance
Consolidated Hallmark Insurance Plc,Nigeria,2023,25.75,-9.05,,,2.94,28.32,Non-Life (P&C),Insurance
Cornerstone Insurance Plc,Nigeria,2023,26.81,-9.66,,,3.07,29.68,Non-Life (P&C),Insurance
Cornerstone Insurance Plc,Nigeria,2023,10.35,-21.61,,,1.66,13.21,Life,Insurance
Coronation Insurance Plc,Nigeria,2023,29.14,-10.8,,,3.33,32.67,Non-Life (P&C),Insurance
Coronation Life Assurance Ltd,Nigeria,2023,6.47,-32.22,,,1.04,9.54,Life,Insurance
Custodian Life Assurance Ltd,Nigeria,2023,72.95,-17.73,,,11.68,88.67,Life,Insurance
Custodian and Allied Insurance Co Plc,Nigeria,2023,65.96,-26.03,,,7.54,89.17,Non-Life (P&C),Insurance
Emple Life Assurance Limited,Nigeria,2023,10.38,-18.09,,,1.66,12.67,Life,Insurance
Enterprise Life Assurance Company (Nigeria) Limited,Nigeria,2023,2.12,122.14,,,0.34,0.96,Life,Insurance
FIN Insurance Company Ltd,Nigeria,2023,9.0,11.55,,,1.03,8.07,Non-Life (P&C),Insurance
Goldlink Insurance Co Ltd,Nigeria,2023,0.67,-30.91,,,0.08,0.98,Non-Life (P&C),Insurance
Goldlink Insurance Co Ltd,Nigeria,2023,0.25,-12.99,,,0.04,0.29,Life,Insurance
Great Nigeria Insurance Plc,Nigeria,2023,1.63,-34.04,,,0.19,2.47,Non-Life (P&C),Insurance
Great Nigeria Insurance Plc,Nigeria,2023,6.98,-67.58,,,1.12,21.53,Life,Insurance
Guinea Insurance Plc,Nigeria,2023,3.35,5.02,,,0.38,3.19,Non-Life (P&C),Insurance
Heirs Insurance Limited,Nigeria,2023,18.53,-7.02,,,2.12,19.93,Non-Life (P&C),Insurance
Heirs Life Assurance Limited,Nigeria,2023,37.03,36.92,,,5.93,27.04,Life,Insurance
Industrial and General Insurance Plc,Nigeria,2023,0.33,-69.69,,,0.04,1.08,Non-Life (P&C),Insurance
Industrial and General Insurance Plc,Nigeria,2023,0.34,-67.48,,,0.05,1.05,Life,Insurance
International Energy Insurance Plc,Nigeria,2023,7.94,342.08,,,0.91,1.8,Non-Life (P&C),Insurance
Jaiz Takaful Insurance Co Plc,Nigeria,2023,2.19,7.05,,,0.25,2.04,Non-Life (P&C),Insurance
Jaiz Takaful Insurance Co Plc,Nigeria,2023,0.51,-77.58,,,0.08,2.26,Life,Insurance
KBL Insurance Ltd,Nigeria,2023,7.89,-10.72,,,0.9,8.84,Non-Life (P&C),Insurance
LASACO Assurance Plc,Nigeria,2023,13.56,-25.42,,,1.55,18.18,Non-Life (P&C),Insurance
LASACO Life Assurance Company Limited,Nigeria,2023,12.4,-14.3,,,1.99,14.47,Life,Insurance
Leadway Assurance Co Ltd,Nigeria,2023,94.97,-0.07,,,10.86,95.04,Non-Life (P&C),Insurance
Leadway Assurance Co Ltd,Nigeria,2023,91.64,-22.49,,,14.68,118.24,Life,Insurance
Linkage Assurance Plc,Nigeria,2023,25.29,-16.99,,,2.89,30.47,Non-Life (P&C),Insurance
Mutual Benefit Life Assurance Co Ltd,Nigeria,2023,21.78,-32.39,,,3.49,32.21,Life,Insurance
Mutual Benefits Assurance plc,Nigeria,2023,36.92,-0.13,,,4.22,36.97,Non-Life (P&C),Insurance
NEM Insurance Co Plc,Nigeria,2023,97.11,25.86,,,11.1,77.15,Non-Life (P&C),Insurance
NSIA Insurance Limited,Nigeria,2023,18.12,-26.31,,,2.07,24.6,Non-Life (P&C),Insurance
NSIA Insurance Limited,Nigeria,2023,16.38,-7.44,,,2.62,17.7,Life,Insurance
Nigeria Agricultural Insurance Corporation,Nigeria,2023,1.32,-68.68,,,0.15,4.22,Non-Life (P&C),Insurance
Noor Takaful Insurance Ltd,Nigeria,2023,4.69,35.47,,,0.54,3.46,Non-Life (P&C),Insurance
Noor Takaful Insurance Ltd,Nigeria,2023,5.36,-34.75,,,0.86,8.21,Life,Insurance
Old Mutual Nigeria General Insurance Company Ltd,Nigeria,2023,12.98,-13.24,,,1.48,14.96,Non-Life (P&C),Insurance
Prestige Assurance Plc,Nigeria,2023,23.04,-21.14,,,2.63,29.21,Non-Life (P&C),Insurance
Prudential Zenith Life Insurance Ltd,Nigeria,2023,36.96,146.29,,,5.92,15.01,Life,Insurance
Regency Insurance Co Ltd,Nigeria,2023,9.32,-28.77,,,1.07,13.08,Non-Life (P&C),Insurance
Royal Exchange Assurance Nigeria Plc,Nigeria,2023,25.97,-22.09,,,2.97,33.33,Non-Life (P&C),Insurance
Royal Exchange Prudential Life Assurance Plc,Nigeria,2023,3.62,-37.55,,,0.58,5.8,Life,Insurance
STACO Insurance Plc,Nigeria,2023,3.32,50.5,,,0.38,2.21,Non-Life (P&C),Insurance
SUNU Assurance plc,Nigeria,2023,12.64,-6.76,,,1.44,13.55,Non-Life (P&C),Insurance
Salam Takaful Insurance Co Ltd,Nigeria,2023,1.41,30.21,,,0.16,1.09,Non-Life (P&C),Insurance
Salam Takaful Insurance Co Ltd,Nigeria,2023,0.36,-27.66,,,0.06,0.5,Life,Insurance
Sanlam General Insurance,Nigeria,2023,25.02,,,,2.86,,Non-Life (P&C),Insurance
Sanlam Life,Nigeria,2023,85.58,,,,13.71,,Life,Insurance
Sovereign Trust Insurance Plc,Nigeria,2023,30.19,8.02,,,3.45,27.95,Non-Life (P&C),Insurance
Stanbic IBTC Insurance Limited,Nigeria,2023,23.29,-42.32,,,3.73,40.38,Life,Insurance
Sterling Assurance Nigeria Ltd,Nigeria,2023,9.19,-17.74,,,1.05,11.17,Non-Life (P&C),Insurance
Tangerine General Insurance Limited,Nigeria,2023,14.22,-10.87,,,1.63,15.96,Non-Life (P&C),Insurance
Tangerine Life Insurance Ltd,Nigeria,2023,12.51,-33.12,,,2.0,18.7,Life,Insurance
Unitrust Insurance Company Ltd,Nigeria,2023,11.93,,,,1.36,,Non-Life (P&C),Insurance
Universal Insurance Company Ltd,Nigeria,2023,15.03,13.0,,,1.72,13.3,Non-Life (P&C),Insurance
Veritas Kapital Assurance Plc,Nigeria,2023,11.3,-1.05,,,1.29,11.42,Non-Life (P&C),Insurance
Zenith General Insurance Company Ltd,Nigeria,2023,29.43,-13.78,,,3.37,34.14,Non-Life (P&C),Insurance
AMSA Assurances Vie,Senegal,2024,35.13,15.92,,,11.87,30.3,Non-Life (P&C),Insurance
ASKIA Assurances,Senegal,2024,26.32,15.63,,,8.89,22.76,Non-Life (P&C),Insurance
Allianz Senegal Assurances Vie,Senegal,2024,23.88,-30.02,,,12.62,34.12,Life,Insurance
Assurances La Providence,Senegal,2024,7.68,-5.7,,,2.6,8.15,Non-Life (P&C),Insurance
Assurances la Securite Senegalaise,Senegal,2024,5.94,,,,2.01,,Non-Life (P&C),Insurance
Axa Assurances,Senegal,2024,44.61,11.56,,,15.07,39.99,Non-Life (P&C),Insurance
Compagnie Nationale D'Assurance Agricole du Senegal (CNAAS),Senegal,2024,3.27,,,,1.11,,Non-Life (P&C),Insurance
Finafrica Assurances Senegal,Senegal,2024,17.39,-5.6,,,5.88,18.42,Non-Life (P&C),Insurance
La Senegalaise de L'Assurance Vie (SENVIE),Senegal,2024,6.49,20.28,,,3.43,5.39,Life,Insurance
NSIA VIE Senegal,Senegal,2024,15.04,-11.96,,,7.95,17.08,Life,Insurance
Prevoyance Assurances(PA),Senegal,2024,28.22,0.58,,,9.53,28.06,Non-Life (P&C),Insurance
SONAC SA,Senegal,2024,5.77,5.11,,,1.95,5.49,Non-Life (P&C),Insurance
SONAM ASSURANCES MUTUELLES,Senegal,2024,12.58,-5.39,,,4.25,13.29,Non-Life (P&C),Insurance
SONAM Mutuelle,Senegal,2024,1.45,5.62,,,0.49,1.37,Non-Life (P&C),Insurance
SUNU,Senegal,2024,14.67,39.02,,,4.96,10.55,Non-Life (P&C),Insurance
SanlamAllianz Senegal,Senegal,2024,48.0,,,,16.22,,Non-Life (P&C),Insurance
Sonam Vie,Senegal,2024,43.79,11.38,,,23.14,39.32,Life,Insurance
WAFA ASSURANCE SA,Senegal,2024,10.9,5.2,,,3.68,10.36,Non-Life (P&C),Insurance
WAFA ASSURANCE SA,Senegal,2024,34.71,50.94,,,18.34,23.0,Life,Insurance
AVBOB Mutual Assurance Society,South Africa,2024,226.83,-32.86,,,0.58,337.83,Life,Insurance
Absa Insurance Company Limited,South Africa,2024,217.53,7.7,,,1.83,201.98,Non-Life (P&C),Insurance
Absa Life Limited,South Africa,2024,269.74,3.93,,,0.69,259.54,Life,Insurance
Allianz Global Corporate And Specialty South Africa Limited,South Africa,2024,77.89,,,,0.66,,Non-Life (P&C),Insurance
Assupol Holdings Limited,South Africa,2024,266.19,-2.31,,,0.68,272.49,Life,Insurance
Auto And General Insurance Company (RF) Limited,South Africa,2024,209.3,18.39,,,1.76,176.79,Non-Life (P&C),Insurance
BRYTE Insurance Company Limited,South Africa,2024,389.71,3.91,,,3.28,375.05,Non-Life (P&C),Insurance
Bryte Life Company Limited,South Africa,2024,5.75,-10.17,,,0.01,6.41,Life,Insurance
Budget Insurance Company (RF)Limited,South Africa,2024,119.09,11.93,,,1.0,106.4,Non-Life (P&C),Insurance
Centriq Insurance Company Limited,South Africa,2024,206.59,18.78,,,1.74,173.93,Non-Life (P&C),Insurance
Centriq Life Insurance,South Africa,2024,448.11,22.61,,,1.14,365.47,Life,Insurance
Chubb Insurance South Africa Limited,South Africa,2024,22.11,-45.23,,,0.19,40.37,Non-Life (P&C),Insurance
Compass Insurance Company Limited,South Africa,2024,128.05,11.45,,,1.08,114.9,Non-Life (P&C),Insurance
Dial Direct Insurance (RF) Limited,South Africa,2024,39.55,6.78,,,0.33,37.04,Non-Life (P&C),Insurance
Discovery Life Limited,South Africa,2024,1180.12,-31.49,,,3.0,1722.63,Life,Insurance
Escap SOC Limited,South Africa,2024,305.56,25.06,,,2.57,244.32,Non-Life (P&C),Insurance
Exxaro Insurance Company Limited,South Africa,2024,25.08,,,,0.21,,Non-Life (P&C),Insurance
First For Women Insurance Company (RF) Limited,South Africa,2024,60.64,,,,0.51,,Non-Life (P&C),Insurance
Guardrisk Insurance Company Limited,South Africa,2024,710.47,-15.16,,,5.99,837.42,Non-Life (P&C),Insurance
Guardrisk Life Limited,South Africa,2024,562.14,-4.12,,,1.43,586.29,Life,Insurance
Hollard Life Assurance Company Limited,South Africa,2024,383.91,2.96,,,0.98,372.89,Life,Insurance
Hollard Specialist Insurance Company,South Africa,2024,17.89,-37.71,,,0.15,28.73,Non-Life (P&C),Insurance
Hollard Specialist Insurance Company,South Africa,2024,28.85,-12.83,,,0.07,33.09,Life,Insurance
Infiniti Insurance Limited,South Africa,2024,82.76,9.2,,,0.7,75.79,Non-Life (P&C),Insurance
King Price Insurance Company Limited,South Africa,2024,203.2,17.86,,,1.71,172.41,Non-Life (P&C),Insurance
Liberty Group Limited,South Africa,2024,1956.72,15.64,,,4.98,1692.12,Life,Insurance
Lombard Insurance Company Limited,South Africa,2024,181.43,-14.68,,,1.53,212.65,Non-Life (P&C),Insurance
MMI Group Limited,South Africa,2024,1422.2,-16.13,,,3.62,1695.75,Life,Insurance
Miway Insurance Limited,South Africa,2024,202.88,10.36,,,1.71,183.84,Non-Life (P&C),Insurance
Momentum Short Term Insurance Company Limited,South Africa,2024,178.51,7.59,,,1.5,165.92,Non-Life (P&C),Insurance
Nedgroup Insurance Company Limited,South Africa,2024,85.07,20.26,,,0.72,70.74,Non-Life (P&C),Insurance
Nedgroup Life Assurance Company Limited,South Africa,2024,131.9,4.18,,,0.34,126.6,Life,Insurance
OUTsurance Insurance Company Limited,South Africa,2024,663.74,9.73,,,5.59,604.88,Non-Life (P&C),Insurance
OUTsurance Life Insurance Company Limited,South Africa,2024,51.63,1.32,,,0.13,50.95,Life,Insurance
Old Mutual Insure Limited,South Africa,2024,735.08,8.27,,,6.19,678.91,Non-Life (P&C),Insurance
Old Mutual Life Assurance Company (South Africa) Limited,South Africa,2024,2105.72,3.79,,,5.36,2028.81,Life,Insurance
Renasa Insurance Company Limited,South Africa,2024,134.37,,,,1.13,,Non-Life (P&C),Insurance
Sanlam Life Insurance Limited,South Africa,2024,5153.79,-15.31,,,13.12,6085.66,Life,Insurance
Santam Limited,South Africa,2024,1935.17,8.18,,,16.31,1788.87,Non-Life (P&C),Insurance
Sasria SOC Limited,South Africa,2024,286.51,15.65,,,2.41,247.74,Non-Life (P&C),Insurance
Standard Insurance Limited,South Africa,2024,200.03,6.46,,,1.69,187.89,Non-Life (P&C),Insurance
The Hollard Insurance Company Limited,South Africa,2024,881.43,0.45,,,7.43,877.49,Non-Life (P&C),Insurance
Western National Insurance Company Limited,South Africa,2024,117.92,,,,0.99,,Non-Life (P&C),Insurance
Alliance Insurance Corp (T) Ltd,Tanzania,2024,50.49,9.1,,,11.46,46.28,Non-Life (P&C),Insurance
Alliance Life Insurance Co Limited,Tanzania,2024,13.75,-12.87,,,11.56,15.78,Life,Insurance
Assemble Insurance Tanzania Ltd.,Tanzania,2024,16.41,3.88,,,3.72,15.8,Non-Life (P&C),Insurance
Beema Star Insurance Ltd.,Tanzania,2024,0.03,118.55,,,0.01,0.01,Non-Life (P&C),Insurance
Britam Insurance Tanzania Ltd.,Tanzania,2024,14.72,-7.69,,,3.34,15.95,Non-Life (P&C),Insurance
Bumaco Insurance Company Ltd.,Tanzania,2024,7.43,-0.84,,,1.69,7.49,Non-Life (P&C),Insurance
Bumaco Insurance Company Ltd.,Tanzania,2024,0.29,29.66,,,0.25,0.23,Life,Insurance
Crdb,Tanzania,2024,10.36,1241.11,,,2.35,0.77,Non-Life (P&C),Insurance
First Assurance Company Ltd.,Tanzania,2024,6.55,3.88,,,1.49,6.31,Non-Life (P&C),Insurance
GA Insurance Tanzania Ltd.,Tanzania,2024,5.5,6.84,,,1.25,5.14,Non-Life (P&C),Insurance
ICEA Lion Insurance Company Tanzania Ltd.,Tanzania,2024,12.03,10.57,,,2.73,10.88,Non-Life (P&C),Insurance
Jubilee Health Insurance Company of Tanzania Ltd.,Tanzania,2024,15.92,17.89,,,3.61,13.51,Non-Life (P&C),Insurance
Jubilee Life Insurance Corporation of Tanzania Ltd.,Tanzania,2024,14.3,49.29,,,12.02,9.58,Life,Insurance
MO Assurance Company Ltd.,Tanzania,2024,12.61,2.27,,,2.86,12.33,Non-Life (P&C),Insurance
Maxinsure (Tanzania) Ltd.,Tanzania,2024,3.63,-15.43,,,0.82,4.3,Non-Life (P&C),Insurance
Mayfair Insurance Company Tanzania Ltd.,Tanzania,2024,18.33,1.98,,,4.16,17.97,Non-Life (P&C),Insurance
Meticulous Tanzania Insurance Company Ltd.,Tanzania,2024,9.99,-16.48,,,2.27,11.96,Non-Life (P&C),Insurance
Metropolitan Tanzania Life Assurance Co Ltd,Tanzania,2024,6.93,29.5,,,5.83,5.35,Life,Insurance
Mgen Tanzania Insurance Company Ltd.,Tanzania,2024,2.48,-8.26,,,0.56,2.7,Non-Life (P&C),Insurance
Milembe Insurance Company Ltd.,Tanzania,2024,3.05,4.81,,,0.69,2.91,Non-Life (P&C),Insurance
National Insurance Corporation of Tanzania (Life) Ltd.,Tanzania,2024,46.45,48.37,,,10.54,31.31,Non-Life (P&C),Insurance
National Insurance Corporation of Tanzania (Life) Ltd.,Tanzania,2024,5.69,15.17,,,4.78,4.94,Life,Insurance
Newtan Insurance,Tanzania,2024,7.93,,,,1.8,,Non-Life (P&C),Insurance
Phoenix of Tanzania Assurance Company Ltd.,Tanzania,2024,18.87,9.47,,,4.28,17.24,Non-Life (P&C),Insurance
Reliance Insurance Co  Ltd,Tanzania,2024,19.51,3.83,,,4.43,18.79,Non-Life (P&C),Insurance
Resolution Insurance Ltd.,Tanzania,2024,2.65,669.1,,,0.6,0.34,Non-Life (P&C),Insurance
Sanlam General Insurance Tanzania Ltd.,Tanzania,2024,16.24,0.0,,,3.69,16.24,Non-Life (P&C),Insurance
Sanlam Life Insurance Tanzania Ltd.,Tanzania,2024,77.98,4.88,,,65.56,74.35,Life,Insurance
Strategis Insurance Tanzania Ltd.,Tanzania,2024,48.91,6.72,,,11.1,45.83,Non-Life (P&C),Insurance
Tanzindia Assurance Company Ltd.,Tanzania,2024,8.14,0.73,,,1.85,8.08,Non-Life (P&C),Insurance
The Heritage Insurance Company Tanzania Ltd.,Tanzania,2024,27.22,3.93,,,6.18,26.19,Non-Life (P&C),Insurance
The Jubilee Insurance Co of Tanzania Ltd,Tanzania,2024,32.46,-7.92,,,7.37,35.25,Non-Life (P&C),Insurance
Zanzibar Insurance Corporation,Tanzania,2024,22.75,40.42,,,5.16,16.2,Non-Life (P&C),Insurance
CIF Vie,Togo,2023,6.45,,,,8.79,,Life,Insurance
Fidelia Assurances,Togo,2023,5.4,16.71,,,7.12,4.63,Non-Life (P&C),Insurance
Groupement Togolais D'Assurances,Togo,2023,15.26,8.1,,,20.11,14.12,Non-Life (P&C),Insurance
Groupement Togolais D'Assurances Vie,Togo,2023,21.59,5.17,,,29.45,20.53,Life,Insurance
La Citoyenne Vie,Togo,2023,1.21,45.79,,,1.65,0.83,Life,Insurance
NSIA Vie Togo,Togo,2023,9.88,-14.11,,,13.47,11.5,Life,Insurance
Nouvelle Societe Interafricaine D'Assurances,Togo,2023,15.07,14.01,,,19.87,13.22,Non-Life (P&C),Insurance
Prudential Beneficial Life,Togo,2023,8.82,,,,12.03,,Life,Insurance
Sanlam Assurance,Togo,2023,26.07,1.96,,,34.36,25.56,Non-Life (P&C),Insurance
Sunu Assurances IARD - TOGO,Togo,2023,14.07,-5.78,,,18.55,14.94,Non-Life (P&C),Insurance
Sunu Assurances Vie Togo,Togo,2023,25.37,32.97,,,34.6,19.08,Life,Insurance
ASTREE Assurances,Tunisia,2024,56.19,4.82,,,6.57,53.61,Non-Life (P&C),Insurance
ASTREE Assurances,Tunisia,2024,24.84,8.6,,,6.72,22.87,Life,Insurance
ATTIJARI ASS.,Tunisia,2024,45.81,6.24,,,12.4,43.12,Life,Insurance
At-Takafulia Assurances,Tunisia,2024,12.97,4.71,,,1.52,12.39,Non-Life (P&C),Insurance
At-Takafulia Assurances,Tunisia,2024,9.24,132.19,,,2.5,3.98,Life,Insurance
BH Assurances,Tunisia,2024,35.41,7.49,,,4.14,32.95,Non-Life (P&C),Insurance
BH Assurances,Tunisia,2024,28.53,20.73,,,7.72,23.63,Life,Insurance
BIAT Assurances,Tunisia,2024,35.64,13.66,,,4.17,31.35,Non-Life (P&C),Insurance
BIAT Assurances,Tunisia,2024,54.33,15.38,,,14.7,47.09,Life,Insurance
BNA Assurances,Tunisia,2024,47.2,,,,5.52,,Non-Life (P&C),Insurance
BNA Assurances,Tunisia,2024,8.84,,,,2.39,,Life,Insurance
CARTE VIE Assurances,Tunisia,2024,29.71,1.62,,,8.04,29.24,Life,Insurance
Caisse Tunisienne d'assurances Mutulles Agricoles,Tunisia,2024,61.4,11.54,,,7.18,55.05,Non-Life (P&C),Insurance
Caisse Tunisienne d'assurances Mutulles Agricoles,Tunisia,2024,5.19,-2.28,,,1.4,5.31,Life,Insurance
Compagnie Mediterraneenne d’Assurances et de Reassurances (COMAR),Tunisia,2024,83.98,3.4,,,9.82,81.21,Non-Life (P&C),Insurance
Compagnie Mediterraneenne d’Assurances et de Reassurances (COMAR),Tunisia,2024,2.56,8.86,,,0.69,2.35,Life,Insurance
Compagnie Tunisienne Pour L'assurance du Commerce Exterieur,Tunisia,2024,4.32,4.71,,,0.51,4.13,Non-Life (P&C),Insurance
Compagnie d'Assurances et de Reassurances Tuniso-Europeenne,Tunisia,2024,54.65,8.0,,,6.39,50.61,Non-Life (P&C),Insurance
El Amana Takaful Assurances,Tunisia,2024,14.75,11.9,,,1.73,13.18,Non-Life (P&C),Insurance
El Amana Takaful Assurances,Tunisia,2024,3.83,28.35,,,1.04,2.98,Life,Insurance
GAT Assurances,Tunisia,2024,81.74,-0.95,,,9.56,82.52,Non-Life (P&C),Insurance
GAT Assurances,Tunisia,2024,0.95,-36.37,,,0.26,1.5,Life,Insurance
GAT Vie Assurances,Tunisia,2024,23.28,23.2,,,6.3,18.9,Life,Insurance
Hayett Assurances - Compagnie d'assurance vie et de capitalisation,Tunisia,2024,36.16,18.54,,,9.79,30.5,Life,Insurance
LLOYD Assurances,Tunisia,2024,68.67,10.18,,,8.03,62.33,Non-Life (P&C),Insurance
LLOYD Assurances,Tunisia,2024,0.79,4.19,,,0.21,0.76,Life,Insurance
LLOYD Vie Assurances,Tunisia,2024,7.33,119.58,,,1.98,3.34,Life,Insurance
Mae Assurances,Tunisia,2024,61.69,10.43,,,7.22,55.86,Non-Life (P&C),Insurance
Mae Assurances,Tunisia,2024,5.48,2.61,,,1.48,5.34,Life,Insurance
Maghrebia Assurances SA,Tunisia,2024,86.1,7.57,,,10.07,80.04,Non-Life (P&C),Insurance
Maghrebia Assurances Vie SA,Tunisia,2024,41.31,14.99,,,11.18,35.93,Life,Insurance
Societe Tunisienne d'Assurances et de Reassurances (STAR),Tunisia,2024,120.84,8.95,,,14.14,110.91,Non-Life (P&C),Insurance
Societe Tunisienne d'Assurances et de Reassurances (STAR),Tunisia,2024,17.52,27.75,,,4.74,13.71,Life,Insurance
UIB Assurances,Tunisia,2024,12.56,,,,3.4,0.0,Life,Insurance
ZITOUNA TAK.,Tunisia,2024,29.3,25.34,,,3.43,23.38,Non-Life (P&C),Insurance
ZITOUNA TAK.,Tunisia,2024,11.23,13.71,,,3.04,9.88,Life,Insurance
AAR,Uganda,2025,13.66,,,,4.92,,Non-Life (P&C),Insurance
APA Insurance (Uganda) Limited,Uganda,2025,9.89,25.5,,,3.56,7.88,Non-Life (P&C),Insurance
Alliance Africa General Insurance Limited,Uganda,2025,11.75,37.29,,,4.23,8.56,Non-Life (P&C),Insurance
Britam Insurance Company (Uganda) Limited,Uganda,2025,23.62,6.8,,,8.5,22.11,Non-Life (P&C),Insurance
Britam Life,Uganda,2025,0.33,,,,0.12,,Life,Insurance
CIC Africa Life Assurance Limited,Uganda,2025,4.01,-1.28,,,1.47,4.06,Life,Insurance
CIC General Insurance Uganda Limited,Uganda,2025,3.49,-57.41,,,1.26,8.19,Non-Life (P&C),Insurance
Excel Insurance Company Limited,Uganda,2025,2.97,-10.17,,,1.07,3.31,Non-Life (P&C),Insurance
GA Insurance Uganda Limited,Uganda,2025,11.11,40.4,,,4.0,7.91,Non-Life (P&C),Insurance
Goldstar Insurance Company Limited,Uganda,2025,14.76,21.33,,,5.31,12.17,Non-Life (P&C),Insurance
ICEA General Insurance Co.Ltd,Uganda,2025,16.94,47.74,,,6.1,11.47,Non-Life (P&C),Insurance
ICEA Lion Life Assurance Company (U) Limited,Uganda,2025,54.69,54.79,,,20.11,35.33,Life,Insurance
Jubilee Health Insurance Company of Uganda Limited,Uganda,2025,0.0,-100.0,,,0.0,26.44,Non-Life (P&C),Insurance
Jubilee Life Insurance Company of Uganda,Uganda,2025,70.45,130.51,,,25.91,30.56,Life,Insurance
Liberty General Insurance Uganda Limited,Uganda,2025,12.58,22.81,,,4.53,10.25,Non-Life (P&C),Insurance
Liberty Life Assurance Uganda Limited,Uganda,2025,23.07,27.25,,,8.48,18.13,Life,Insurance
MUA Insurance (Uganda) Limited,Uganda,2025,10.37,15.36,,,3.73,8.99,Non-Life (P&C),Insurance
Mayfair Insurance Company Uganda Limited,Uganda,2025,8.66,20.77,,,3.11,7.17,Non-Life (P&C),Insurance
Mirai General,Uganda,2025,1.96,,,,0.71,,Non-Life (P&C),Insurance
NIC General Insurance Company Limited,Uganda,2025,8.42,-0.15,,,3.03,8.43,Non-Life (P&C),Insurance
NIC Life Assurance Company Limited,Uganda,2025,0.45,-9.9,,,0.17,0.5,Life,Insurance
Old Mutual General,Uganda,2025,57.5,,,,20.69,,Non-Life (P&C),Insurance
Old Mutual Life,Uganda,2025,32.11,,,,11.81,,Life,Insurance
Pax Insurance Company Limited,Uganda,2025,3.25,13.51,,,1.17,2.86,Non-Life (P&C),Insurance
Prudential Assurance Uganda Limited,Uganda,2025,65.19,24.77,,,23.97,52.24,Life,Insurance
Sanlam Allianz,Uganda,2025,58.14,,,,20.91,,Non-Life (P&C),Insurance
Sanlam Life Insurance Uganda Limited,Uganda,2025,21.62,0.93,,,7.95,21.42,Life,Insurance
Statewide Insurance Company Limited,Uganda,2025,5.66,3.61,,,2.04,5.46,Non-Life (P&C),Insurance
TransAfrica Assurance Co. Ltd.,Uganda,2025,3.23,34.76,,,1.16,2.4,Non-Life (P&C),Insurance
A Plus General Insurance Limited,Zambia,2023,2.47,8.27,,,1.0,2.28,Non-Life (P&C),Insurance
Absa Life Limited,Zambia,2023,5.14,0.54,,,3.69,5.12,Life,Insurance
Adelvis General Insurance Limited,Zambia,2023,0.99,-56.68,,,0.4,2.28,Non-Life (P&C),Insurance
Advantage General Insurance Limited,Zambia,2023,2.22,-2.55,,,0.9,2.28,Non-Life (P&C),Insurance
Africa Pride Insurance Company,Zambia,2023,8.65,26.33,,,3.5,6.85,Non-Life (P&C),Insurance
Bestlife Insurance,Zambia,2023,0.28,,,,0.2,,Life,Insurance
Discover Insurance Company Limited,Zambia,2023,1.98,,,,0.8,,Non-Life (P&C),Insurance
General Alliance Insurance Zambia Limited,Zambia,2023,1.98,-13.38,,,0.8,2.28,Non-Life (P&C),Insurance
Golden Lotus Insurance Limited,Zambia,2023,3.96,-13.38,,,1.6,4.57,Non-Life (P&C),Insurance
Goldman Insurance Limited,Zambia,2023,6.92,1.07,,,2.8,6.85,Non-Life (P&C),Insurance
Hollard Insurance Zambia Limited,Zambia,2023,20.52,-0.14,,,8.3,20.55,Non-Life (P&C),Insurance
Hollard Insurance Zambia Limited,Zambia,2023,4.86,26.81,,,3.49,3.84,Life,Insurance
Indigo General Insurance Limited,Zambia,2023,0.49,,,,0.2,,Non-Life (P&C),Insurance
Innovate Insurance Limited,Zambia,2023,0.99,-56.68,,,0.4,2.28,Non-Life (P&C),Insurance
Klapton Insurance Zambia,Zambia,2023,0.74,,,,0.3,,Non-Life (P&C),Insurance
Liberty Life Insurance Zambia Ltd,Zambia,2023,10.7,19.56,,,7.68,8.95,Life,Insurance
Madison General Insurance Company Zambia Limited,Zambia,2023,14.58,-8.74,,,5.9,15.98,Non-Life (P&C),Insurance
Madison Life Insurance Company Zambia Ltd,Zambia,2023,15.85,12.64,,,11.38,14.07,Life,Insurance
Mayfair Insurance Company Zambia Limited,Zambia,2023,11.12,21.81,,,4.5,9.13,Non-Life (P&C),Insurance
NICO Insurance Zambia Ltd,Zambia,2023,24.72,-16.71,,,10.0,29.68,Non-Life (P&C),Insurance
OneLife Assurance Zambia Ltd,Zambia,2023,14.73,15.21,,,10.58,12.79,Life,Insurance
Phoenix of Zambia Assurance Company (2009) Limited,Zambia,2023,3.21,40.75,,,1.3,2.28,Non-Life (P&C),Insurance
Professional Insurance Corporation Zambia Plc,Zambia,2023,76.14,7.58,,,30.8,70.77,Non-Life (P&C),Insurance
Prudential Life Assurance Zambia,Zambia,2023,38.92,8.69,,,27.94,35.81,Life,Insurance
Sanlam Life Zambia Limited,Zambia,2023,21.13,-8.22,,,15.17,23.02,Life,Insurance
Savenda General Insurance,Zambia,2023,4.7,105.72,,,1.9,2.28,Non-Life (P&C),Insurance
Specialty Emergency Services,Zambia,2023,14.04,21.97,,,10.08,11.51,Life,Insurance
Swan Insurance Company Zambia Limited,Zambia,2023,19.53,113.85,,,7.9,9.13,Non-Life (P&C),Insurance
Veritas General Insurance Limited,Zambia,2023,0.74,,,,0.3,,Non-Life (P&C),Insurance
ZSIC General Insurance Limited,Zambia,2023,40.54,18.38,,,16.4,34.24,Non-Life (P&C),Insurance
ZSIC Life Ltd,Zambia,2023,13.62,6.51,,,9.78,12.79,Life,Insurance
